epoch,epochSeconds,lossTrain,lossValid,accValid
1,3428.617704756,3.7797856,2.9657924,0.27428597
10,3496.695128613,2.1767173,2.3308067,0.16571432
